Account ID;Name;SAP ID Account;Address;City;EMail_Account;Web Site;Phone_Account | Attribute Value Account;ZNL_5411;ZNL_5412;ZNL_5413;Longtitude;Lattitude
7000270055;A. Ploem & Zn. BV;11028300;Marconistraat 32 / 6372 PM LANDGRAAF / NL;LANDGRAAF;#;#;+31 455676969;1;1;;603.956.970.000.000;5.087.321.380.000.000
7000269852;A.J. Loots Installatiebedrijf;11031804;Avignonlaan 14 / 5627 GA EINDHOVEN / NL;EINDHOVEN;#;#;+31 402430910;1;1;;544.325.860.000.000;5.147.627.470.000.000
7000643162;Aangenaam Verwarming en;300052393;De Dijken 5c / 1747 EE TUITJENHORN / NL;TUITJENHORN;info@aangenaamverwarming.nl;www.aangenaamverwarming.nl;+31 224551110;1;1;1;477.704.490.000.000;5.273.062.830.000.000
7000270605;Air Quality Europe B.V.;11043130;De Reulver 26 / 7544 RT ENSCHEDE / NL;ENSCHEDE;#;www.aqebv.nl;+31 532068760;1;1;1;688.947.650.000.000;5.219.574.060.000.000
7000284974;Air System;300056040;Lentemorgen 5-2 / 6903 CT ZEVENAAR / NL;ZEVENAAR;#;www.air-system.nl;+31 (316) 849 077;1;1;;607.315.370.000.000;5.193.507.620.000.000
7000345439;Airhome Ventilatieservice BV;10063057;Drenthweg 19 / 9561 AZ TER APEL / NL;TER APEL;info@airhome.nl;www.airhome.nl;+31 850685030;1;1;1;705.593.970.000.000;5.288.763.780.000.000
7000210951;Alferink B.V. Installatie-;10063214;Industrieweg 15 / 7141 DD GROENLO / NL;GROENLO;info@alferink.nl;www.alferink.nl;+31 544476200;1;1;1;662.654.520.000.000;5.204.067.530.000.000
7000644309;Alpha Ventilatie;11039146;Maarssenbroeksedijk 4 / 3542 DN UTRECHT / NL;UTRECHT;info@alphaventilatie.nl;www.alphaventilatie.nl;+31 303200120;1;1;1;504.430.570.000.000;5.212.448.360.000.000
7000342670;Alpha Ventilatie B.V.;11150556;Strijkviertel 48B / 3454 PN De Meern / NL;DE MEERN;#;www.alphaventilatie.nl;+31 881238700;1;1;1;505.924.000.000.000;5.207.980.000.000.000
7000600575;Anbergen Totaal Techniek;300042719;Labora 18 / 7776 SC SLAGHAREN / NL;SLAGHAREN;Info@anbergentotaaltechniek.nl;www.anbergentotaaltechniek.nl;+31 (523) 68 37 13;;1;;655.071.750.000.000;5.262.420.990.000.000
7000282235;Aqualon van Zutphen Installatie-;10063256;Lange Voren 18 / 5521 DD EERSEL / NL;EERSEL;#;http://www.ptsplumbing.co.uk/branch/286/aylesford-renewables;+31 497517092;1;1;1;539.021.040.000.000;5.135.530.810.000.000
7000654676;Arendsen Installatie Techniek;11138407;Nijverheidweg 2 / 7255 RA HENGELO GLD / NL;HENGELO GLD;richard@arensden-hengelo.nl;www.arendsen-hengelo.nl;+31 575462511;1;1;1;631.181.850.000.000;5.204.255.710.000.000
7000573513;Assen Installatietechniek bv;10063176;Meulenakker 8 / 7841 EP SLEEN / NL;SLEEN;info@assentib.nl;www.assentib.nl;+31 591390620;1;1;1;680.801.140.000.000;5.276.537.850.000.000
7000270817;B&B Installatietechniek;300057793;Ploeg 56 / 5351 NV BERGHEM / NL;BERGHEM;info@bb-installatietechniek.nl;#;+31 412 402576;1;1;;557.626.730.000.000;5.176.824.540.000.000
7000569288;BJ-Lupron bv;10063056;Afrikastraat 18 / 6014 CG ITTERVOORT / NL;ITTERVOORT;#;https://www.bj-lupron.nl/;+31 495538255;;1;;583.750.610.000.000;5.118.039.110.000.000
7000586812;Bakker Klimaat;11136926;Zaadmarkt 9-11 / 1681 PD ZWAAGDYK / NL;ZWAAGDYK;info@bakkerklimaat.nl;www.bakkerklimaat.nl;+31 228712088;1;1;1;514.999.820.000.000;5.270.194.530.000.000
7000156578;Bergman Installatiewerken;11042101;Molenhoekweg 9 / 7722 MD DALFSEN / NL;DALFSEN;info@bergmaninstallatiewerken.nl;www.bergmaninstallatiewerken.nl;+31 529401010;1;1;1;620.017.150.000.000;5.248.199.730.000.000
7000649978;Bernhezer Installatiebedrijf BV;11136034;Lindestraat 17 / 5388 HT NISTELRODE / NL;NISTELRODE;#;https://bernhezerinstallatie.nl/;+31 413296190;1;1;1;556.176.650.000.000;5.169.936.570.000.000
7000329770;Besteman en Zn.;11137557;Reflectiestraat 35 / 2631 RV NOOTDORP / NL;NOOTDORP;#;#;+31 703834744;;1;;434.089.740.000.000;5.208.717.040.000.000
7000644390;Bevico B.V.;10063344;Bijdorp-West 82 / 2992 LC BARENDRECHT / NL;BARENDRECHT;#;www.bevico.nl;+31 884009500;1;1;1;452.101.690.000.000;5.186.255.180.000.000
7000340875;Bijlstra Installaties BV;300044135;Hogedijken 22 / 9101 WV DOKKUM / NL;DOKKUM;info@bijlstra.nl;www.bijlstra-installaties.nl;+31 519221790;1;1;1;601.106.630.000.000;5.332.215.070.000.000
7000645019;Blankestijn Installaties BV;300042757;Kuipersweg 27 / 3449 JA WOERDEN / NL;WOERDEN;info@blankestijn.nl;www.blankestijn.nl;+31 (348) 42 28 88;1;1;;486.390.820.000.000;5.208.420.130.000.000
7000644998;Boer en Van Veen BV;10063274;Ambachtstraat 25A / 8263 AJ KAMPEN / NL;KAMPEN;info@boerenvanveen.nl;www.boerenvanveen.nl;+31 383312800;1;1;1;588.873.400.000.000;5.256.097.100.000.000
7000644811;Boerboom Loodgietersbedrijf;300046275;Fahrenheitstraat 3 / 6902 PX ZEVENAAR / NL;ZEVENAAR;info@boerboomzevenaar.nl;www.boerboomloodgieter.nl;+31 316523532;1;1;1;609.772.380.000.000;5.193.102.580.000.000
7000644827;Bokhorst Installatietechniek B.V.;300046450;Benedenrijweg 162 / 2987 VB RIDDERKERK / NL;RIDDERKERK;#;www.bokhorst.com;+31 180 200010;1;1;1;458.526.100.000.000;5.189.426.180.000.000
7000283726;Bonarius Midden-Nederland;300052916;Otto Hahnweg 26 / 3542 AX UTRECHT / NL;UTRECHT;utrecht@bonarius.com;www.bonarius.com;+31 (35) 751 86 00;1;1;1;505.542.000.000.000;5.211.705.000.000.000
7000644813;Bonarius Oost-Nederland;300052871;Hondiusstraat 24F / 6827 DE ARNHEM / NL;ARNHEM;arnhem@bonarius.com;www.bonarius.com;+31 (26) 204 00 40;1;1;1;592.820.000.000.000;5.197.451.000.000.000
7000754531;Bonarius Service B.V.;10063341;Zwanenburgerdijk 291 / 1161 NL ZWANENBURG / NL;ZWANENBURG;info@bonarius.com;www.bonarius.com;+31 204074900;1;1;1;473.211.750.000.000;5.238.584.660.000.000
7000584957;Bonarius Zuid-Holland;300042243;Moezel 13-15 / 2491 CV DEN HAAG / NL;DEN HAAG;denhaag@bonarius.com;www.bonarius.com;+31 (70) 750 63 00;1;1;1;450.731.670.000.000;5.203.526.620.000.000
7000644957;Bongers van Dieten Installatie-;300078930;Zeelandsedreef 20 / 5374 RR Schaijk / NL;SCHAIJK;info@bongersvandieteninstallaties.nl;#;#;1;1;;564.741.000.000.000;5.172.418.000.000.000
7000645243;Boogaard Duurzame Energie;11137417;Sud 14 / 8711 CV WORKUM / NL;WORKUM;info@boogaardinstallatie.nl;www.boogaardinstallatie.nl;+31 515542770;1;1;1;544.169.760.000.000;5.297.866.120.000.000
7000282827;Boonstra;300049191;Seedûker 7 / 9051 VB STIENS / NL;STIENS;info@boonstra-installaties.nl;www.boonstra-installaties.nl;+31 (58) 257 46 89;1;1;1;575.068.690.000.000;5.326.762.570.000.000
7000271133;Bosman Installatietechniek;300049438;Van Goghstraat 7 / 7844 NP VEENOORD / NL;VEENOORD;info@bosmaninstallatietechniek.nl;www.bosmaninstallatietechniek.nl;+31 (591) 55 15 93;1;1;1;684.873.490.000.000;5.271.619.710.000.000
7000178198;Breman Service Weert B.V.;10063477;Industriekade 45 / 6006 SJ WEERT / NL;WEERT;#;#;+31 495583283;1;;1;567.695.260.000.000;5.124.767.990.000.000
7000273911;CLB;300053055;Bloemkwekersstraat 72-78 / 3014 PE ROTTERDAM / NL;ROTTERDAM;info@clbrotterdam.nl;www.clbrotterdam.nl;+31 10-4360783;1;1;;446.860.480.000.000;5.191.678.650.000.000
7000651100;CVI Texel B.V.;10063036;Spinbaan 8 / 1791 MC DEN BURG / NL;DEN BURG;info@cvi-texel.nl;www.cvi-texel.nl;+31 222313703;1;1;1;479.918.560.000.000;5.306.107.910.000.000
7000280524;Carool Installatiebedrijf;11038984;Elsbosweg 39 / 7381 BH KLARENBEEK / NL;KLARENBEEK;info@carooliinstallatiebedrijf.nl;www.caroolinstallatiebedrijf.nl;+31 555429806;1;1;1;605.453.790.000.000;5.216.985.780.000.000
7000063985;Centragas van Galen B.V.;11030372;Mollerusweg 2-6 / 2031 BZ HAARLEM / NL;HAARLEM;#;#;+31 235513838;1;1;1;466.226.570.000.000;5.239.246.810.000.000
7000652122;Cevesin Klimaattechniek B.V.;11025803;Industrielaan 14 / 6951 KG DIEREN / NL;DIEREN;info@cevesin.nl;www.cevesin.nl;+31 313428333;;1;;610.213.740.000.000;5.205.789.040.000.000
7000594113;ComfortServices;11006601;Afrikastraat 22 / 6014 CG ITTERVOORT / NL;ITTERVOORT;#;www.interduct.nl/bedrijf/comfortservices;+31 475-567666;1;1;1;583.606.470.000.000;5.118.029.910.000.000
7000210794;DHG Nederland BV;300046232;Hofdwarsweg 17-21 / 6161 DE GELEEN / NL;GELEEN;info@dhgnederland.nl;www.dhgnederland.nl;+31 (46) 474 28 06;1;;1;581.830.690.000.000;5.096.072.980.000.000
7000177947;Daan Installatietechniek;300053220;Molenwerf 8k / 1911 DB UITGEEST / NL;UITGEEST;info@daaninstallatietechniek.nl;www.daaninstallatietechniek.nl;+31 620321444;1;1;1;471.927.400.000.000;5.253.043.790.000.000
7000656334;De Bruijn Installatiewerken;11138227;Kraaihei 40 / 4715 RV RUCPHEN / NL;RUCPHEN;#;#;+31 165820981;;1;;458.038.300.000.000;5.153.680.000.000.000
7000284511;De Elementen B.V.;11044059;Veemarkt 132 / 1019 DE AMSTERDAM / NL;AMSTERDAM;info@deelementen.nl;www.deelementen.nl;+31 208204242;1;1;1;493.874.600.000.000;5.236.840.260.000.000
7000649150;De Graaf Installaties B.V.;11029454;Energieweg 2 / 3751 LT BUNSCHOTEN-SPAKENBUG / NL;BUNSCHOTEN-SPAKENBUG;info@degraafinstallaties.nl;www.degraafinstallaties.nl/;+31 332982088;1;1;1;537.821.700.000.000;5.223.183.100.000.000
7000273599;De Kempen Installaties;300054623;Schutsboom 36 / 5571 MS BERGEYK / NL;BERGEYK;#;www.dekempeninstallaties.nl;+31 (497) 78 02 27;1;1;;537.513.530.000.000;5.132.451.690.000.000
7000656611;De Leeuw Installaties BV;10063255;Noordermorssingel 13 / 7461 JP RYSSEN / NL;RYSSEN;info@deleeuwinstallaties.nl;www.deleeuwinstallaties.nl;+31 548540400;1;1;1;651.373.580.000.000;5.232.069.940.000.000
7000655980;De Vreeden Installatietechniek B.V.;11039994;Xenonweg 5 / 3812 SZ AMERSFOORT / NL;AMERSFOORT;#;#;+31 334700300;1;1;1;535.179.250.000.000;5.216.537.920.000.000
7000118417;De ventilatiemeester;300048593;Weth. Timmermanstraat 7a / 7951 SH STAPHORST / NL;STAPHORST;info@deventilatiemeester.nl;www.deventilatiemeester.nl;+31 522 465302;1;1;1;621.191.460.000.000;5.263.309.790.000.000
7000657242;Derks-Diepenbroek B.V.;300043522;Rietdekkersweg 6 / 3449 JC WOERDEN / NL;WOERDEN;#;www.derks-diepenbroek.nl;+31 348 41 19 02;1;1;1;485.620.680.000.000;5.208.525.450.000.000
7000657657;Dibo Installatie Techniek;10063158;Schipperslaan 4 / 1906 BG LIMMEN / NL;LIMMEN;info@dibolimmen.nl;www.dibolimmen.nl;+31 725052724;1;1;1;469.490.850.000.000;5.257.867.150.000.000
7000643605;Donker Veenstra;300044645;De Giek 16 / 9206 AT DRACHTEN / NL;DRACHTEN;info@donkerveenstra.nl;www.donkerveenstra.nl;+31 850711848-07 11 848;1;1;1;607.500.680.000.000;5.311.453.730.000.000
7000283493;Dries-Rolde;300044124;Gieterstraat 51 / 9451 TE ROLDE / NL;ROLDE;info@driesrolde.nl;www.driesrolde.nl;+31 (592) 24 21 54;1;1;1;665.650.620.000.000;5.298.831.560.000.000
7000646067;ELV Installatietechniek;300050213;Pater Vervoortstraat 37 / 5465 RT VEGHEL / NL;VEGHEL;#;#;+31 41 330 03 42-330 03 42;1;1;1;554.562.620.000.000;5.159.368.130.000.000
7000271956;Elite Ventilatie;300045598;Marconieweg 2 a/b / 4131 PD VIANEN UT / NL;VIANEN UT;#;www.elite-ventilatie.nl;+31 347326206;1;;1;509.248.470.000.000;5.197.618.960.000.000
7000647558;Eltag Electric B.V.;10063101;Pompmolenlaan 27 / 3447 GK WOERDEN / NL;WOERDEN;#;#;+31 348415814;1;1;1;488.926.730.000.000;5.207.481.070.000.000
7000210672;Energie Service Friesland BV;11041603;De Werf 1 / 8447 GD Heerenveen / NL;HEERENVEEN;#;www.energieservice.nl;+31 513611300;1;1;1;589.748.340.000.000;5.297.096.950.000.000
7000646657;Eska Onderhoudstechniek B.V.;300043705;Stockholm 15 / 2993 LM BARENDRECHT / NL;BARENDRECHT;#;www.eskaventilatieonderhoud.nl;+31 884009750;1;1;1;451.022.050.000.000;5.185.036.380.000.000
7000604985;Fris! Ventilatietechniek;11041260;Maarsseveensevaart 88 / 3601 CG MAARSSEN / NL;MAARSSEN;info@frisventilatie.nl;www.frisventilatie.nl;+31 346570114;1;1;1;505.832.750.000.000;5.214.407.860.000.000
7000284166;G. Metselaar BV;300050827;Weg en Bos 33 d / 2661 DL BERGSCHENHOEK / NL;BERGSCHENHOEK;#;www.gerardmetselaar.nl;+31 10 22 20 02;1;1;1;450.614.990.000.000;5.198.047.200.000.000
7000653937;Gebr. Beije BV;11139037;Wilgenstraat 3 / 4307 DA OOSTERLAND / NL;OOSTERLAND;#;#;+31 111 64 15 09;;1;;403.392.160.000.000;5.165.357.200.000.000
7000654186;Gebr. Janssen B.V.;10063333;Hagelkruisstraat 6 / 5835 BD BEUGEN / NL;BEUGEN;#;#;+31 485369696;1;1;;594.149.110.000.000;5.167.327.600.000.000
7000275810;Gebr. Kok B.V.;300057372;Zuiderwijzend 2 / 1616 LH HOOGKARSPEL / NL;HOOGKARSPEL;#;www.gebrkok.nl;+31 228561201;1;1;1;518.837.190.000.000;5.268.876.230.000.000
7000654189;Gerrits Techniek & Advies;300048461;Verlengde gildenweg 11 / 8304 BK EMMELOORD / NL;EMMELOORD;info@gerritstechniekenadvies.nl;www.gerritstechniekenadvies.nl;+31 6-16712252;1;1;1;574.750.100.000.000;5.268.807.430.000.000
7000271297;Gerritsen Installatiebedrijf;11034059;Veldhoek 17 / 6741 MP LUNTEREN / NL;LUNTEREN;info@gerritseninstallatietechniek.nl;www.gerritseninstallatietechniek.nl;+31 342415155;;1;;557.710.460.000.000;5.210.806.550.000.000
7000572067;Gerritsjans Installatiebedrijf;300048458;De Dinkel 3 / 7491 MK DELDEN / NL;DELDEN;info@gerritsjansinstallatiebedrijf.nl;www.gerritsjansinstallatiebedrijf.nl;+31 (74) 3767176;;1;;670.199.920.000.000;5.225.370.130.000.000
7000178030;Gevers Installatiebureau BV;11043345;De Ketting 10 / 5261 LJ VUGHT / NL;VUGHT;#;https://www.gevers-vught.nl/;+31 736562971;1;1;;529.487.260.000.000;5.164.224.180.000.000
7000283896;Giesen Installatie;11136799;Rijksweg 11B / 5854 AR BERGEN / NL;BERGEN;#;#;+31 485348050;1;1;1;604.980.990.000.000;5.160.145.460.000.000
7000656729;Gunst Warmtetechniek;11029350;Margaretha van Hennebergweg 61B / 2552 BD S GRAVENHAGE / NL;S GRAVENHAGE;#;#;+31 703099726;1;;;424.005.460.000.000;5.204.649.390.000.000
7000170111;H. de Bont B.V.;10063069;Maidstone 44 / 5026 SK TILBURG / NL;TILBURG;#;#;+31 135356135;1;1;1;504.915.940.000.000;5.153.044.270.000.000
7000275089;HM Installaties B.V.;11135844;Minkmaatstraat 112 / 7514 EG ENSCHEDE / NL;ENSCHEDE;info@hminstallaties.nl;www.hminstallaties.nl;+31 534778383;1;1;1;690.349.160.000.000;5.222.768.380.000.000
7000270560;Harwig Installatiegroep bv;300042944;Atlantis 3 / 7821 AX EMMEN / NL;EMMEN;info@harwig.nl;www.harwig.nl;+31 (591) 65 67 69;1;1;1;691.522.870.000.000;5.277.631.090.000.000
7000601270;Heating Service B.V.;10063484;Weijland 70 / 2415 BD NIEUWERBRUG / NL;NIEUWERBRUG;#;#;+31 348688777;1;1;;481.264.690.000.000;5.207.912.690.000.000
7000689455;Heesmans Installatie Techniek;11031867;Brandevoortse Dreef 101 / 5706 SL HELMOND / NL;HELMOND;#;#;+31 492661352;1;1;1;562.791.280.000.000;5.145.473.240.000.000
7000643900;Hemmes Installatietechniek;11044384;Monierweg 5A / 7741 KV COEVORDEN / NL;COEVORDEN;info@hemmes.nl;www.hemmes.nl;+31 524512640;1;1;1;673.046.090.000.000;5.265.672.420.000.000
7000568845;Hendriksen installateert &;11140823;Koningsweg 217A / 7102 DT Winterswijk / NL;WINTERSWIJK;info@hendriksenbv.nl;www.hendriksenbv.nl;+31 543-513314;1;1;1;671.455.000.000.000;5.196.420.000.000.000
7000178254;;11138486;Vulcaanstraat 4 / 7061 AX TERBORG / NL;TERBORG;info@hendriksenbv.nl;www.hendriksenbv.nl;#;1;1;1;635.428.550.000.000;5.191.974.860.000.000
7000270153;Hi-Tech Services van Egdom;300044329;Lunterseweg 90 / 6718 WH EDE GLD / NL;EDE;info@hitech-vanegdom.nl;www.hitech-vanegdom.nl;+31 318482444;;1;;563.415.710.000.000;5.207.082.140.000.000
7000397365;Hol Installatietechniek;11029558;Veenweideweg 9 / 2957 LD NIEUW LEKKERLAND / NL;NIEUW LEKKERLAND;#;www.holbv.nl;+31 184683300;1;1;1;469.541.140.000.000;5.188.783.400.000.000
7000341890;Hoppenbrouwers Techniek Almelo;11029386;Bleskolksingel 5 / 7602 PE ALMELO / NL;ALMELO;almelo@hoppenbrouwers.nl;www.hoppenbrouwerstechniek.nl;+31 546488888;1;1;1;665.164.700.000.000;5.237.377.840.000.000
7000648474;HulstFlier Installateurs;11135409;Gasthuisdijk 13 / 8041 AE ZWOLLE / NL;ZWOLLE;zwolle@hulstflier.nl;www.hulstflier.nl;+31 384211031;1;1;1;607.179.170.000.000;5.251.826.430.000.000
7000648465;;10063291;Robbertsmatenstraat 15 / 8081 HL ELBURG / NL;ELBURG;info@hulstflier.nl;www.hulstflier.nl;+31 525681210;1;1;1;583.456.100.000.000;5.245.563.030.000.000
7000648487;ID-Light Installatietechniek;300051664;Koolmand 9 / 1724 BC OUDKARSPEL / NL;OUDKARSPEL;info@idlight.nl;#;+31 (226) 320 500;1;1;1;478.551.680.000.000;5.270.363.020.000.000
7000654242;IMP Putten;300052218;Industrieweg 12-7 / 3881 LB PUTTEN / NL;PUTTEN;info@impputten.nl;www.impputten.nl;+31 (341) 745 263;1;1;1;558.285.230.000.000;5.226.745.410.000.000
7000647962;ITBB Service en Onderhoud;300043788;It Dok 19 / 8447 GL HEERENVEEN / NL;HEERENVEEN;info@itbb.nl;www.itbb.nl;+31 513650088;1;1;1;589.301.440.000.000;5.297.293.950.000.000
7000343172;Igrotech Installatietechniek B.V.;300052099;It Butlan 21 / 8621 DV HEEG / NL;HEEG;info@igrotech.nl;www.igrotech.nl;+31 6-29592431;1;1;1;561.980.850.000.000;5.297.059.070.000.000
7000381166;Inst bedrijf Koen van Kilsdonk;300043545;Steegeindstraat 2a / 5396 NN LITHOIJEN / NL;LITHOIJEN;#;#;+31 6-53630886;1;1;1;546.304.970.000.000;5.179.841.610.000.000
7000271874;Installatie Techniek;10063492;Boeierstraat 7 / 8102 HS RAALTE / NL;RAALTE;info@installatietechniekraalte.nl;www.www.installatietechniekraalte.nl;+31 572353225;1;1;1;629.234.830.000.000;5.237.914.130.000.000
7000643927;Installatie Techniek Fryslan;300043783;Jacob van Tuinenstrjitte 14 / 9041 CL BERLIKUM / NL;BERLIKUM;info@installatietechniekfryslan.nl;www.installatietechniekfryslan.nl;+31 6-27082022;1;1;1;566.611.930.000.000;5.321.521.670.000.000
7000652144;Installatiebedrijf;10063372;Fahrenheitstraat 4 / 7461 JA RYSSEN / NL;RYSSEN;info@vandamgroep.com;/www.vandamgroep.com/particulier;+31 548514411;1;1;1;652.432.180.000.000;5.231.600.590.000.000
7000271090;;300057865;Hoofdstraat 127 / 3781 AD VOORTHUIZEN / NL;VOORTHUIZEN;info@installatiebedrijfsimon.nl;www.installatiebedrijfsimon.nl;+31 (342) 47 21 38;1;1;1;560.191.870.000.000;5.218.504.120.000.000
7000279882;Installatiebedrijf A. Tromp;11134738;Kerkweg 1 / 7361 BD BEEKBERGEN / NL;BEEKBERGEN;post@tromp.nl;www.atromp.nl;+31 555061583;;1;;596.135.150.000.000;5.216.091.970.000.000
7000271028;Installatiebedrijf Bevelander;11045296;Stevinweg 19 / 4691 SM THOLEN / NL;THOLEN;#;#;+31 166603155;1;1;1;409.106.300.000.000;5.154.605.650.000.000
7000343894;Installatiebedrijf Bierings B.V.;300044707;De Buskes 12 / 5087 MA DIESSEN / NL;DIESSEN;#;https://www.abierings.nl/;+31 134633110;1;1;1;517.097.730.000.000;5.147.931.830.000.000
7000725358;Installatiebedrijf De Wijnbergen;11041128;Korte Veenteweg 8 / 8161 PC EPE / NL;EPE;info@dewijnbergen.nl;www.dewijnbergen.nl;+31 578662880;1;1;1;599.254.990.000.000;5.234.868.460.000.000
7000570291;Installatiebedrijf Dick Sjabbens BV;11010961;Hoofdstraat 35 / 7981 AD DIEVER / NL;DIEVER;info@dick-sjabbens.nl;www.dick-sjabbens.nl;+31 521591994;1;1;1;631.602.280.000.000;5.285.667.000.000.000
7000271131;Installatiebedrijf Floor B.V.;11046219;Industrieweg 23 / 4104 AP CULEMBORG / NL;CULEMBORG;#;www.installatiebedrijf-floor.nl;+31 345571303;1;1;1;521.690.520.000.000;5.194.121.370.000.000
7000648153;Installatiebedrijf Heegstra;300070976;Hoofdstraat 8 / 9003 LH Warten / NL;WARTEN;info@heegstra.nl;www.heegstra.nl;+31 582551241;1;1;1;589.932.000.000.000;5.315.065.000.000.000
7000276517;Installatiebedrijf Hoekstra;11136306;Mercurius 17 / 8448 GX HEERENVEEN / NL;HEERENVEEN;info@hoekstra-heerenveen.nl;www.hoekstra-heerenveen.nl;+31 513631717;1;1;1;592.673.790.000.000;5.297.119.800.000.000
7000270610;Installatiebedrijf Huisman BV;11038710;Produksjewei 1 / 8501 XD JOURE / NL;JOURE;info@huismaninstallatietechniek.nl;www.huismaninstallatietechniek.nl;+31 513412572;1;1;1;581.707.340.000.000;5.296.481.690.000.000
7000272341;Installatiebedrijf Jansen &;300042177;Kleine Veld 15 / 7751 BG DALEN / NL;DALEN;info@jansenmeppelink.nl;www.jansenmeppelink.nl;+31 (524) 55 82 80;1;1;1;675.591.150.000.000;5.270.766.910.000.000
7000652915;Installatiebedrijf John van Neer;11039887;St. Jorisstraat 31 / 6101 CA ECHT / NL;ECHT;#;http://www.johnvanneer.nl/;+31 475483391;1;1;1;587.150.640.000.000;5.110.766.490.000.000
7000177915;Installatiebedrijf Jules Otgens;11046173;Bakelsedijk 62 / 5701 HD HELMOND / NL;HELMOND;info@julesotgens.nl;https://www.julesotgens.nl/;+31 492545741;1;1;1;567.269.490.000.000;5.148.320.500.000.000
7000276986;Installatiebedrijf Montec BV;11043552;Aarhusweg 4-14 / 9723 JJ GRONINGEN / NL;GRONINGEN;info@montecbv.nl;www.montecbv.nl;+31 505446800;1;1;1;661.966.670.000.000;5.321.092.410.000.000
7000677905;Installatiebedrijf Otte BV;300055186;Edisonstraat 12 / 8606 JJ SNEEK / NL;SNEEK;info@pranger-rosier.nl;www.otte-installaties.nl;+31 515413531;1;1;1;568.905.010.000.000;5.301.889.260.000.000
7000645055;Installatiebedrijf P. Bruijn;11027571;Flemingstraat 37 / 1704 SL HEERHUGOWAARD / NL;HEERHUGOWAARD;info@pietbruijn.nl;www.pietbruijn.nl;+31 725760730;1;1;1;482.959.270.000.000;5.269.506.360.000.000
7000653341;Installatiebedrijf P. De Bonth bv;11026891;Vimmerik 2N / 5253 CB NIEUWKUYK / NL;NIEUWKUYK;#;https://www.pdebonthbv.nl/;+31 73-5114344;1;1;1;517.411.080.000.000;5.169.445.760.000.000
7000645960;Installatiebedrijf Peter van Gaal;11139728;Wertsteeg 23 / 5258 TA BERLICUM / NL;BERLICUM;#;#;#;1;1;1;541.066.970.000.000;5.168.234.360.000.000
7000372998;Installatiebedrijf Ranzijn;300046487;Fluorietweg 19D / 1812 RR ALKMAAR / NL;ALKMAAR;#;www.ranzijnalkmaar.nl;+31 725158717;1;1;1;474.274.500.000.000;5.260.160.000.000.000
7000649711;Installatiebedrijf Ron Burger;11138242;De Huisweid 13 / 1749 EL WARMENHUIZEN / NL;WARMENHUIZEN;ronburger@rbinstallatie.nl;www.rbinstallatie.nl;+31 226393747;1;1;1;473.216.100.000.000;5.272.407.100.000.000
7000195155;Installatiebedrijf Van Lieshout;300050044;De Amert 98 / 5462 GH VEGHEL / NL;VEGHEL;#;www.van-lieshout.nl;+31 413344043;1;1;1;552.335.840.000.000;5.161.983.080.000.000
7000270458;Installatiebedrijf Van Veldhuizen;11135203;Pascalweg 15 / 8071 SE NUNSPEET / NL;NUNSPEET;info@veldhuizenenergie.nl;www.veldhuizenenergie.nl;+31 341252221;1;1;1;576.531.050.000.000;5.237.457.000.000.000
7000178450;Installatiebedrijf Van der Pas;300055653;Groenendal 17 / 5405 AS UDEN / NL;UDEN;info@installatiebedrijfvanderpas.nl;www.installatiebedrijfvanderpas.nl;+31 (413) 31 05 71;1;1;;564.216.490.000.000;5.164.892.600.000.000
7000270686;Installatiebedrijf Verspeek;300052295;Dorpsstraat 96 / 5556 VL VALKENSWAARD / NL;VALKENSWAARD;#;www.installatiebedrijfverspeek.nl;+31 402068910-2068910;1;1;;545.318.170.000.000;5.129.654.950.000.000
7000647956;Installatiebedrijf Visser;11035489;Noorderweg 185A / 1676 GM TWISK / NL;TWISK;#;www.installatiebedrijfvisser.nl;+31 227-541596;1;1;1;506.699.200.000.000;5.274.762.260.000.000
7000657656;Installatiebedrijf Welin B.V.;11040963;Groot Overeem 9A 16 / 9327 GH RENSWOUDE / NL;RENSWOUDE;info@welin.nl;www.welin.nl;+31 343480119;1;1;1;551.297.100.000.000;5.205.565.270.000.000
7000656738;Installatiebureau Kon;11031886;Sluisweg 2C / 3371 EV HARDINXVELD GIESSENDAM / NL;HARDINXVEL GIESSENDAM;#;#;+31 184633850;1;1;1;485.498.520.000.000;5.182.184.770.000.000
7000276364;Installatieburo Woudhuizen BV;11043858;Elburgerweg 60 / 7345 EE WENUM WIESEL / NL;WENUM WIESEL;info@woudhuizenbv.nl;www.woudhuizenbv.nl;+31 553121760;1;1;1;593.374.250.000.000;5.227.166.630.000.000
7000647959;Installatietechniek Drachten BV;300043792;Helmhout 45 / 9206 AZ DRACHTEN / NL;DRACHTEN;info@itdbv.nl;www.itdbv.nl;+31 512 541030;1;1;1;607.259.440.000.000;5.311.901.460.000.000
7000143359;Installatietechniek Driessen Oss;300044125;Etruskenweg 24 / 5349 AZ OSS / NL;OSS;#;#;+31 412-650991;1;1;;555.820.830.000.000;5.176.438.450.000.000
7000209976;Installatietechniek Hartog B.V.;300043710;Wolfskuilseweg 267 / 6542 AA NIJMEGEN / NL;NIJMEGEN;info@hartogbv.nl;www.hartogbv.nl;+31 (24) 377 15 92;1;1;1;582.736.060.000.000;5.184.332.070.000.000
7000657750;Installatietechniek Van Eersel B.V.;11035675;Ommelseweg 57 / 5721 WT ASTEN / NL;ASTEN;#;#;+31 493696455;1;1;;574.786.140.000.000;5.141.425.370.000.000
7000648062;J. Woldhuis B.V.;11042116;Voorburggracht 208 / 1722 GV ZUID SCHARWOUDE / NL;ZUID SCHARWOUDE;info@woldhuis.nl;www.totaal-installatie.nl;+31 226317374;1;1;1;480.824.840.000.000;5.269.456.070.000.000
7000652598;J. van den Burg B.V.;10063203;Vennestraat 11 / 2161 LE LISSE / NL;LISSE;#;#;+31 252212428;1;1;1;455.214.420.000.000;5.225.017.130.000.000
7000209938;JF Totaaltechniek;300051434;Erfgooiersstraat 233 / 1222 AK HILVERSUM / NL;HILVERSUM;info@jftotaaltechniek.nl;www.jftotaaltechniek.nl;+31 6-81349609;1;1;1;518.449.990.000.000;5.224.156.970.000.000
7000652744;JR Techniek;300042254;Utrechtsestraatweg 17a / 3481 LA HARMELEN / NL;HARMELEN;info@jrtechniek.nl;www.jrtechniek.nl;+31 (348) 443401;1;;;498.583.510.000.000;5.208.887.700.000.000
7000652946;Jef Wouters Installaties;300044846;Brede-Hoolstraat 2 / 6274 NG REIJMERSTOK / NL;REIJMERSTOK;#;www.jefwoutersinstallaties.nl;+31 434574078-4574078;1;1;1;583.414.390.000.000;5.080.119.580.000.000
7000647436;Jenniskens Techniek Rijkevoort;300043909;Kampweg 5 / 5447 NK RYKEVOORT / NL;RYKEVOORT;info@jenniskenstechniek.nl;www.jenniskenstechniek.nl;+31 485372736;1;1;;588.469.550.000.000;5.165.408.870.000.000
7000654379;Joost Beers Installatietechniek;11134739;Lorentzstraat 6A / 1821 BR ALKMAAR / NL;ALKMAAR;#;#;#;1;1;1;477.056.400.000.000;5.262.708.100.000.000
7000104716;Kaandorp-Wijnker BV;300051931;Charlottaring 2 / 1761 AX ANNA PAULOWNA / NL;ANNA PAULOWNA;info@kaandorp-wijnker.nl;https://kaandorp-wijnker.nl;+31 223521500;1;1;1;480.839.740.000.000;5.286.140.620.000.000
7000605648;Kevin Hoes;300051414;Jan Pieterzondervanweg 9 / 2031 AB HAARLEM / NL;HAARLEM;info@kevinhoes.nl;www.kevinhoes.nl;+31 6 2905 1018;1;1;1;460.899.340.000.000;5.232.898.990.000.000
7000270387;Kiekebos Klimaat & Duurzaam;300043373;Westerstouwe 31 / 7951 KH STAPHORST / NL;STAPHORST;info@kiekebosbakker.nl;www.kiekebos.nl;+31 522-246783;1;1;1;618.290.580.000.000;5.268.191.600.000.000
7000646298;Klaver Klimaattechniek B.V.;10063147;Braken 83 / 1713 GC OBDAM / NL;OBDAM;info@klaverklimaattechniek.nl;www.klaverklimaattechniek.nl;+31 226451256;1;1;1;489.388.940.000.000;5.266.839.820.000.000
7000645823;Kloeze Installatietechniek;11139277;Hoofdstraat 109 / 9501 CR STADSKANAAL / NL;STADSKANAAL;info@kloeze.nl;www.kloeze.nl;+31 599618886;1;1;1;696.163.180.000.000;5.298.158.830.000.000
7000276373;Kruisselbrink Installaties;11044313;Leeghwaterweg 7 / 7102 JJ WINTERSWYK / NL;WINTERSWYK;info@kruisselbrinkinstallaties.nl;www.kruisselbrinkinstallaties.nl;+31 543564478;1;1;1;671.388.580.000.000;5.195.767.300.000.000
7000646237;LDG Installatietechniek BV;11035674;Nijverheidsweg 16 / 1442 LD PURMEREND / NL;PURMEREND;info@ldg.nl;www.ldg.nl;+31 299654321;1;1;1;497.723.070.000.000;5.251.685.230.000.000
7000269964;Lammers-Toepoel BV;300045442;Castricummer Werf 49 / 1901 RV Castricum / NL;CASTRICUM;info@lammers-toepoel.nl;www.lammers-toepoel.nl;+31 251 65 29 24;1;1;1;466.393.000.000.000;5.254.016.900.000.000
7000188936;Langeland-Borgman bv;300057677;Krimweg 34b / 7741 KJ COEVORDEN / NL;COEVORDEN;info@langelandborgman.nl;www.langelandborgman.nl;+31 524512886;1;1;1;672.913.690.000.000;5.266.080.180.000.000
7000603190;Lok Installatietechniek;300047402;De Kampen 1 / 8325 DD VOLLENHOVE / NL;VOLLENHOVE;info@lokinstallatietechniek.nl;www.lokinstallatietechniek.nl;+31 527243547;1;1;1;596.817.860.000.000;5.268.063.930.000.000
7000283773;Loodgieters- & Installatiebedrijf;11032192;De Ward 31 / 8701 MB BOLSWARD / NL;BOLSWARD;info@reekersbolsward.nl;www.reekersbolsward.nl;+31 515572671;1;1;1;551.213.150.000.000;5.306.571.660.000.000
7000314324;Loodgieters- en Onderhouds-;11033487;Huigsloterdijk 325 / 2157 LP ABBENES / NL;ABBENES;info@erikafleur.nl;www.eriklafleur.nl;+31 618359931;1;1;1;458.312.850.000.000;5.221.959.310.000.000
7000342789;Loodgietersbedrijf M. Kramer;11138712;Kweekweg 32 / 8161 PG EPE / NL;EPE;info@kramer-epe.nl;www.kramer-epe.nl;#;1;1;1;599.493.750.000.000;5.234.539.170.000.000
7000283529;Loohuis Hardenberg B.V.;10063348;Kruiwiel 9 / 7773 NL HARDENBERG / NL;HARDENBERG;hardenberg@loohuisgroep.nl;www.loohuisgroep.nl;+31 523625060;1;1;1;659.608.970.000.000;5.257.389.540.000.000
7000211557;Loohuis Installatie-;10063048;Pastoor Boddestraat 18 / 7666 LB FLERINGEN / NL;FLERINGEN;fleringen@loohuisgroep.nl;www.loohuisgroep.nl;+31 546629629;1;1;1;680.595.920.000.000;5.238.114.090.000.000
7000646360;;10063080;Uilenbroekstraat 64 / 8111 BE HEETEN / NL;HEETEN;heeten@loohuisgroep.nl;www.loohuisgroep.nl;+31 572388488;1;1;1;628.561.340.000.000;5.233.058.020.000.000
7000589632;Louter Installatietechniek BV;10063127;Kabelstraat 3 / 1749 DM WARMENHUIZEN / NL;WARMENHUIZEN;info@louterinstallatie.nl;www.louterinstallatie.nl;+31 725093251;1;1;1;468.254.120.000.000;5.271.360.620.000.000
7000273220;Luijten Installatietechniek B.V.;11043382;Verlengde Luijtenstraat 4 / 2941 CH LEKKERKERK / NL;LEKKERKERK;#;www.luijtenverwarming.nl;+31 180661020;1;1;1;469.343.300.000.000;5.190.210.750.000.000
7000647072;M&O Techniek;300047114;Eenhoornweg 7 / 1531 ME WORMER / NL;WORMER;info@mo-techniek.nl;www.mo-techniek.nl;+31 756475757;1;1;1;479.827.140.000.000;5.249.759.590.000.000
7000651783;Mark Geerts Installatiewerken;11137725;Winkelhaak 8 / 5111 PX Baarle-Nassau / NL;BAARLE-NASSAU;#;https://www.markgeerts.nl/;+31 135906659;1;1;1;494.308.000.000.000;5.144.253.000.000.000
7000270563;Meddens en Van Ree Installaties;11137362;Melkrijder 4 / 3861 SG NYKERK / NL;NYKERK;info@installatietechnieknijkerk.nl;www.installatietechnieknijkerk.nl;+31 33 245 84 28;1;1;1;546.460.890.000.000;5.223.226.270.000.000
7000648080;Mensonides Installatie BV;11045585;Hermesweg 7 / 8861 VN Harlingen / NL;HARLINGEN;#;#;+31 517412658;1;1;1;543.615.940.000.000;5.317.716.260.000.000
7000210256;Minkels Installatie;300051095;Cypresstraat 167 / 5213 EV S HERTOGENBOSCH / NL;S HERTOGENBOSCH;info@minkelsinstallatie.nl;www.minkelsinstallatie.nl;+31 6-20056930;1;1;;532.706.120.000.000;5.169.497.110.000.000
7000372720;Nooter BV;300047206;Simon Stevinweg 9 / 8013 NA ZWOLLE / NL;ZWOLLE;info@nooter.nl;www.nooter.nl;+31 (38) 453 16 22;1;1;1;612.711.640.000.000;5.248.848.680.000.000
7000589967;P. Jansen Installatie Techniek B.V.;300055919;Kruisakkers 4 / 4613 BV BERGEN OP ZOOM / NL;BERGEN;#;www.pjansen.nl;+31 164 23 65 27;1;1;1;427.664.190.000.000;5.150.376.690.000.000
7000346168;P. de Vries Installatie-;11028536;Polluxweg 13 / 8938 AZ LEEUWARDEN / NL;LEEUWARDEN;#;www.pdevries.nl;+31 582880222;1;1;1;585.619.790.000.000;5.319.875.870.000.000
7000270140;P.C. van der Horst B.V.;11040855;Oosterwerf 7 / 1911 JB UITGEEST / NL;UITGEEST;info@pcvanderhorst.nl;https://www.pcvanderhorst.nl/;+31 251-315650;1;1;1;471.962.010.000.000;5.253.969.950.000.000
7000165825;Pactum Installatietechniek;10063529;Hamburgweg 12 / 7418 ES DEVENTER / NL;DEVENTER;info@pactum.nl;www.pactum.nl;+31 570624640;1;1;1;620.427.810.000.000;5.224.069.380.000.000
7000645744;Piet Butter B.V.;11137783;Volume 6 / 1446 WJ PURMEREND / NL;PURMEREND;info@pietbutter.nl;www.pietbutter.nl;+31 299365135;1;1;1;507.874.530.000.000;5.250.435.150.000.000
7000645344;Pola Zevenaar B.V.;10063168;Hengelder 19 / 6902 PA ZEVENAAR / NL;ZEVENAAR;info@pola.nl;www.pola.nl;+31 316524351;1;1;1;610.367.130.000.000;5.192.835.320.000.000
7000650185;Poppe Installatietechniek;11034060;Hulsterweg 75C / 4587 LG KLOOSTERZANDE / NL;KLOOSTERZANDE;#;https://poppeinstallatietechniek.nl/;+31 114684848;;1;;402.283.700.000.000;5.136.210.460.000.000
7000677533;Provato Techniek B.V.;10063432;Hongkongstraat 56 / 3047 BS ROTTERDAM / NL;ROTTERDAM;#;https://www.provatotechniek.nl/;+31 104152007;1;;;440.527.380.000.000;5.194.254.960.000.000
7000271547;R. Lascaris Installatie B.V.;300049749;Oosteinde 86 / 1474 ME OOSTHUIZEN / NL;OOSTHUIZEN;r.lascaris@lascarisbv.nl;www.lascarisbv.nl;+31 299403402;1;1;1;501.388.820.000.000;5.258.023.460.000.000
7000367988;RM ventilatietechniek;11139675;J. Keplerweg 8G / 2408 AC ALPHEN AAN DEN RIJN / NL;ALPHEN AAN DEN RIJN;#;www.rmventilatietechniek.nl;#;1;1;1;464.251.640.000.000;5.212.110.380.000.000
7000591155;Reerink bv Inst.bedrijf;300056979;Hanzeweg 1-A / 7241 CR LOCHEM / NL;LOCHEM;info@reerink-lochem.nl;www.reerink-lochem.nl;+31 (573) 25 24 25;1;1;1;642.053.600.000.000;5.216.374.980.000.000
7000209758;Rijkhoff Installatietechniek;300049361;Van Roozendaalstraat 3 / 1715 EJ SPANBROEK / NL;SPANBROEK;info@rijkhoff.nl;www.rijkhoff.nl;+31 226351426;1;1;1;494.194.150.000.000;5.270.064.150.000.000
7000210427;Rob Balk B.V. Loodgietersbedrijf;11041738;Trechtweg 10A / 3945 PL COTHEN / NL;COTHEN;#;https://www.robbalk.nl/;+31 343563089;1;1;1;529.582.210.000.000;5.198.788.730.000.000
7000650864;Romijnders Service B.V.;11006517;Vijverlaan 9 / 6602 CX WYCHEN / NL;WYCHEN;info@romijnders.nl;www.romijnders.nl;+31 246488222;1;1;1;574.190.540.000.000;5.181.234.840.000.000
7000177831;Roseboom Installatietechniek;11137920;Faradaystraat 12 / 6718 XT EDE / NL;EDE;info@roseboom.nl;www.roseboom.nl;+31 318527725;1;1;1;560.657.340.000.000;5.203.248.200.000.000
7000651414;Rutgers Installatiebureau;11045572;Zuiderdracht 1A / 1696 AK OOSTERBLOKKER / NL;OOSTERBLOKKER;info@rutgers-bv.nl;www.rutgers-bv.nl;+31 229261668;1;1;1;510.819.040.000.000;5.266.144.920.000.000
7000061048;S. Smit Duurzame;11044269;Beltstraat 21-25 / 1777 HA HIPPOLYTUSHOEF / NL;HIPPOLYTUSHOEF;#;www.ssmit.nl;+31 227591316;1;1;1;495.691.870.000.000;5.290.531.620.000.000
7000573710;SB Installatietechniek;11142375;De Meer 15C / 8321 MT Urk / NL;URK;#;www.sbinstallatietechniek.nl;+31 527-690042;1;1;1;563.527.000.000.000;5.265.435.000.000.000
7000651559;Schimmel Techniek;300049950;Anthonie Fokkerstraat 23 / 3772 MP BARNEVELD / NL;BARNEVELD;#;www.schimmel-tdi.nl;+31 342729239;1;1;1;560.192.970.000.000;5.213.573.330.000.000
7000651517;Schouten Hazerswoude B.V.;11031028;Belgiëlaan 1a / 2391 PH HAZERSWOUDE DORP / NL;HAZERSWOUDE;#;www.schoutenhazerswoude.nl;+31 172589124;1;1;1;458.807.070.000.000;5.209.658.580.000.000
7000715327;Schreuder Installatietechniek BV;300050408;Curieweg 7 / 8013 RA ZWOLLE / NL;ZWOLLE;info@schreuderbv.nl;www.schreuderbv.nl;+31 384656474;1;1;1;612.999.300.000.000;5.249.845.590.000.000
7000651757;Schulte & Lestraden B.V.;10063011;Heereweg 23 / 2161 AC LISSE / NL;LISSE;#;#;+31 252466466;1;1;1;456.089.950.000.000;5.226.926.120.000.000
7000269864;Schuttevaar Installatietechniek;11136976;De Matestraat 22 / 7447 BB HELLENDOORN / NL;HELLENDOORN;info@schuttevaar-installatietechniek.nl;www.schuttevaar-installatietechniek.nl;+31 548546084;1;1;1;645.426.550.000.000;5.239.247.410.000.000
7000657417;Siebert Installatie-;300047010;Katoenstraat 24 / 8281 JZ GENEMUIDEN / NL;GENEMUIDEN;info@siebert-install.nl;www.siebert-install.nl;+31 (38) 385 57 29;1;1;1;606.439.270.000.000;5.261.502.980.000.000
7000341815;Sikma Installatiebedrijf B.V.;300047326;Edisonstraat 15 / 8606 JH SNEEK / NL;SNEEK;#;Www.sikma.nl;+31 51541 44 18;1;1;1;569.086.250.000.000;5.302.011.100.000.000
7000271117;Slor Installaties;300067862;Koningsweg 1 / 9731 AM Groningen / NL;GRONINGEN;info@slorinstallaties.nl;www.slorinstallaties.nl;+31 6-24679042;1;1;1;660.188.000.000.000;5.322.562.000.000.000
7000644335;Smit installatie en daktechniek;300047054;Achtseweg Noord 12A / 5651 GG EINDHOVEN / NL;EINDHOVEN;#;https://smit-idt.nl/;+31 407114300;;1;;541.688.020.000.000;5.147.390.590.000.000
7000650428;Sommers Installatietechniek;11025802;Stevensbeekseweg 1 / 5845 ER ST ANTHONIS / NL;ST ANTHONIS;#;#;+31 485382344;1;1;1;589.702.050.000.000;5.162.205.530.000.000
7000644307;Stienezen Wanders bv;300047948;Nijverheidsweg 6 / 7031 BV WEHL / NL;WEHL;info@stienezenwanders.nl;www.stienezenwanders.nl;+31 314684051;1;1;;621.756.640.000.000;5.195.822.300.000.000
7000737258;TIS - Stiens;11035490;Seerob 29 / 9051 VA STIENS / NL;STIENS;info@tis-stiens.nl;www.tis-stiens.nl;+31 852084160;1;1;1;574.721.830.000.000;5.326.768.170.000.000
7000654282;Techn. Install. Buro;10063359;Brugstraat 1 / 7687 BD DAARLERVEEN / NL;DAARLERVEEN;info@huisman-groep.nl;www.huisman-groep.nl;+31 546643000;1;1;1;657.860.350.000.000;5.244.271.020.000.000
7000270870;Topma Installatiebedrijf;300042543;Eindhovenstraat 4 / 1821 BV ALKMAAR / NL;ALKMAAR;mail@topma.nl;#;+31 (72) 520 22 47;;1;;477.115.190.000.000;5.262.447.110.000.000
7000650083;Totaal-techniek Vrielink;300057520;Weitemansweg 61 / 7608 RG ALMELO / NL;ALMELO;info@totaal-techniek.nl;www.totaal-techniek.nl;+31 651662029;1;1;1;668.797.960.000.000;5.238.868.050.000.000
7000568619;Totec Installatietechniek;300042771;De Meer 11 / 8321 LX URK / NL;URK;info@totec.nl;www.totec.nl;+31 527 748444;1;1;1;563.551.460.000.000;5.265.517.410.000.000
7000649065;United installaties;300074545;Productieweg 5 / 8061 RK Hasselt / NL;HASSELT;contact@unitedinstallaties.nl;www.unitedinstallaties.nl/;+31 85620400-6204200;;1;;608.825.000.000.000;5.258.582.000.000.000
7000655866;VSN Ventilatie Service Nederland;11036037;Transistorstraat 58D / 1322 CG ALMERE / NL;ALMERE;info@ventilatieservicenederland.nl;www.ventilatieservicenederland.nl;+31 885360536;1;1;1;517.734.620.000.000;5.234.599.460.000.000
7000342541;Van Alphen & Roest B.V.;300042874;Thijssenweg 20 / 4927 PC Hooge Zwaluwe / NL;HOOGE ZWALUWE;#;#;+31 (76) 593 12 53;1;1;1;474.480.000.000.000;5.166.903.000.000.000
7000656499;Van Dijk Made BV;10063501;Brieltjenspolder 3 / 4921 PK MADE / NL;MADE;#;https://www.vandijkmade.nl/;+31 162682671;1;1;1;481.032.330.000.000;5.167.384.260.000.000
7000346041;Van Dorp Installaties Lelystad;300054651;Noordersluisweg 2 / 8243 PR LELYSTAD / NL;LELYSTAD;infolelystad@vandorp.eu;www.vandorp.eu;+31 (320) 222599;1;1;1;544.261.270.000.000;5.250.537.130.000.000
7000654182;Van Gemert;10063382;Oploseweg 12b / 5825 HN OVERLOON / NL;OVERLOON;#;#;+31 478507171;1;1;1;593.637.620.000.000;5.157.087.100.000.000
7000345479;Van Gerven Installatie B.V.;300048407;Fransebaan 9 / 5091 JN Oost West En Middelbeers / NL;OOST WEST EN MIDDELBEERS;info@vangerveninstallatie.nl;www.vangerveninstallatie.nl;+31 6-22545877;1;1;1;528.127.500.000.000;5.149.454.500.000.000
7000645789;Van Heugten Installatie;10063298;Dieze 8 / 5422 VS GEMERT / NL;GEMERT;#;#;+31 492365632;1;1;1;570.754.990.000.000;5.156.512.730.000.000
7000645437;Van Linde Installatiebedrijf;300050063;Van Harinxmaweg 13 / 9244 CJ BEETSTERZWAAG / NL;BEETSTERZWAAG;info@vanlindeinstallatie.nl;www.vanlindeinstallatie.nl;+31 512 382632;1;1;1;609.478.120.000.000;5.306.169.740.000.000
7000680871;Van Riesen Installatietechniek BV;300049783;Ceintuurbaan Noord 123 / 9301 NT RODEN / NL;RODEN;info@vanriesen-installatietechniek.nl;www.vanriesen-installatietechniek.nl;+31 50 727 1020;1;1;1;643.567.790.000.000;5.314.513.880.000.000
7000345022;Van Rijn Installatie B.V.;300059899;Noordpolderstraat 2 / 4571 LR Axel / NL;AXEL;info@vanrijninstallatie.nl;www.vanrijninstallatie.nl;+31 115-561717;1;1;;391.058.000.000.000;5.127.151.000.000.000
7000271865;Van Seggeren Installatie-;10063397;Edisonstraat 3 / 9285 WE BUITENPOST / NL;BUITENPOST;info@vstechniek.nl;www.vstechniek.nl;+31 511444847;1;1;1;606.803.960.000.000;5.326.072.140.000.000
7000270330;Van Veldhuisen Techniek;11046271;Breedsendijk 2A / 4401 BD YERSEKE / NL;YERSEKE;#;www.vanveldhuisentechniek.nl;+31 113571914;;1;;403.902.240.000.000;5.150.400.720.000.000
7000649863;Van Velthoven & Kruijssen BV;11027689;Sonman 19 / 5066 GJ MOERGESTEL / NL;MOERGESTEL;#;#;+31 135131284;1;1;;517.580.770.000.000;5.153.741.540.000.000
7000657149;Van Vilsteren Inst.techniek BV;300049961;Boerendanserdijk 41 / 8024 AE ZWOLLE / NL;ZWOLLE;info@vilsteren.nl;www.vilsteren.nl;+31 (38) 4216502;1;1;1;612.074.570.000.000;5.251.991.110.000.000
7000648860;Van Wijngaarden BV;300047418;Pr. Marijkestraat 10 / 2404 BC ALPHEN AAN DEN RYN / NL;ALPHEN AAN DEN RYN;#;www.wijngaarden-bv.nl;+31 172493544;1;1;;465.499.070.000.000;5.213.539.150.000.000
7000649375;Van de Ven - Hollanders;11046332;Kapelstraat 19 / 5741 CB BEEK EN DONK / NL;BEEK EN DONK;#;#;+31 492464343;1;1;1;562.789.430.000.000;5.154.046.500.000.000
7000649080;Van den Berg Installateurs BV;10063423;Faradaystraat 2 / 6718 XT EDE / NL;EDE;#;#;+31 318614776;1;1;;565.047.040.000.000;5.202.991.710.000.000
7000211267;Van den Buijs Installaties;300044207;Rithmeesterpark 15 / 4838 GZ BREDA / NL;BREDA;#;www.vandenbuijs.nl;+31 76 597 22 29;1;1;;473.241.690.000.000;5.156.909.390.000.000
7000271371;Van den Hoff Installatiebedrijf BV;11135766;Van Kanstraat 3 / 5652 GA EINDHOVEN / NL;EINDHOVEN;#;#;+31 402517626;1;1;;544.693.160.000.000;5.143.959.360.000.000
7000648842;Van der Velden Installaties;300044097;Ambachtsweg 12 / 5683 DE BEST / NL;BEST;info@vanderveldeninstallaties.nl;https://vanderveldeninstallaties.nl/;+31 499-490092;;1;;540.344.520.000.000;5.150.157.770.000.000
7000593103;Van der Weerd Installatietechniek;300045771;James Wattstraat 2 / 8801 PK FRANEKER / NL;FRANEKER;info@vanderweerd.net;www.vanderweerd.net;+31 517 39 32 31;1;1;1;552.753.660.000.000;5.318.286.460.000.000
7000210175;Velgsib Installatietechniek;300056275;Steenhouwer 6 / 9502 ET STADSKANAAL / NL;STADSKANAAL;info@velgsib.nl;www.velgsib.nl;+31 599612178;1;1;1;697.548.820.000.000;5.297.752.890.000.000
7000195481;Vennegoor Installatie;300053873;Gunnerstraat 19 / 7595 KD WEERSELO / NL;WEERSELO;info@vennegoorweerselo.nl;www.vennegoorweerselo.nl;+31 541661889;1;1;1;685.399.690.000.000;5.234.842.910.000.000
7000278120;VentilatieNL;11046369;Zuideinde 47 / 1121 CK LANDSMEER / NL;LANDSMEER;service@ventilatienl.nl;www.ventilatienl.nl;+31 857920792;1;1;1;491.043.660.000.000;5.242.445.580.000.000
7000342450;Ventilatieservice Noord Nederland;11026912;Uiterburen 60 / 9636 EG ZUIDBROEK / NL;ZUIDBROEK;#;www.vsnn.nl;+31 598-453633;1;1;1;687.621.180.000.000;5.317.537.630.000.000
7000653962;Verhees & Van Dijk;11138126;Industrieweg 7 / 5753 PB DEURNE / NL;DEURNE;#;https://www.verheesenvandijk.nl/;+31 493341634;1;1;;579.827.890.000.000;5.144.859.200.000.000
7000145688;Vroling B.V.;11044359;Driebanweg 10 / 1607 NL HEM / NL;HEM;#;#;+31 228541451;1;1;1;518.830.430.000.000;5.265.654.850.000.000
7000656669;WSI Techniek;10063224;Batterij 3 / 7141 JL GROENLO / NL;GROENLO;info@wsi-techniek.nl;www.wsi-techniek.nl;+31 544375989;1;1;1;662.621.800.000.000;5.205.947.100.000.000
7000315840;Wassink Installatie;11038831;Fabriekstraat 39-03 / 7005 AP DOETINCHEM / NL;DOETINCHEM;info@wassink.nl;www.wassink.nl;+31 314345868;1;1;1;629.319.900.000.000;5.195.348.470.000.000
7000269103;Wassink Installatie;10063042;Snelliusstraat 11 / 7102 ED WINTERSWYK / NL;WINTERSWYK;info@wassink.nl;www.wassink.nl;+31 543517925;1;1;1;670.906.310.000.000;5.195.964.800.000.000
7100269103;Wesley Keeris Installatietechniek;300043323;De Hooge Akker 15 / 5661 NG GELDROP / NL;GELDROP;info@wkinstallatie.nl;#;+31 402855443;1;1;;553.842.300.000.000;5.142.782.540.000.000
7200269103;Wilms Den Helder bv;10063206;Ravelijncenter 39 / 1785 LX DEN HELDER / NL;DEN HELDER;info@wilms.nl;www.wilms.nl;+31 223630900;1;1;1;477.576.890.000.000;5.294.314.150.000.000
7300269103;Winters Installaties BV;300054762;Simon Vestdijkwei 16 / 8914 AX LEEUWARDEN / NL;AX;info@winters-installaties.nl;www.winters-installaties.nl;+31 (58) 215 40 55;1;1;1;576.157.690.000.000;5.320.218.640.000.000
7400269103;Woolderink Technische;10063079;Bedrijvenstraat 11 / 7641 AM WIERDEN / NL;WIERDEN;info@woolderink.nl;www.woolderink.nl;+31 546571680;1;1;;658.359.690.000.000;5.236.190.840.000.000
